/* ============================
   AEROPORTS
   ============================ */

INSERT INTO aeroport (id, code, ville) VALUES
('1', 'YUL', 'Montréal'),
('2', 'YYZ', 'Toronto'),
('3', 'CDG', 'Paris'),
('4', 'YVR', 'Vancouver'),
('5', 'JFK', 'New York'),
('6', 'LHR', 'London'),
('7', 'DXB', 'Dubai'),
('8', 'SFO', 'San Francisco'),
('9', 'LAX', 'Los Angeles'),
('10', 'ORD', 'Chicago'),
('11', 'FRA', 'Frankfurt'),
('12', 'AMS', 'Amsterdam'),
('13', 'MAD', 'Madrid');


/* ============================
   OPERATEURS
   ============================ */

INSERT INTO operateur (id, code, nom) VALUES
('1', 'AC', 'Air Canada'),
('2', 'AF', 'Air France'),
('3', 'WS', 'WestJet'),
('4', 'EK', 'Emirates'),
('5', 'BA', 'British Airways'),
('6', 'LH', 'Lufthansa'),
('7', 'UA', 'United Airlines'),
('8', 'DL', 'Delta Airlines'),
('9', 'IB', 'Iberia');


/* ============================
   VOLS
   ============================ */

INSERT INTO vol (id, numero, origine_id, destination_id, duree) VALUES
('101', 'AC870', '1', '3', 420),
('102', 'AC401', '1', '2', 80),
('103', 'WS123', '2', '4', 300),
('104', 'AF344', '3', '1', 435),
('105', 'AC765', '1', '5', 75),
('106', 'EK500', '7', '6', 420),
('107', 'BA150', '6', '1', 420),
('108', 'AC888', '1', '4', 300),
('109', 'UA900', '5', '9', 360),
('110', 'DL410', '9', '10', 240),
('111', 'LH450', '11', '1', 465),
('112', 'AF980', '3', '12', 75),
('113', 'IB300', '13', '3', 130),
('114', 'WS777', '2', '8', 330),
('115', 'EK202', '7', '5', 840);


/* ============================
   OFFRES
   ============================ */

INSERT INTO offre (id, prix, date_depart, vol_id, operateur_id) VALUES
('1001', 850.00,  '2025-12-15T19:30', '101', '1'),
('1002', 890.00,  '2025-12-22T13:10', '104', '2'),
('1003', 120.00,  '2025-12-10T08:15', '102', '1'),
('1004', 320.00,  '2025-12-11T09:45', '103', '3'),
('1005', 150.00,  '2025-12-12T07:00', '105', '1'),
('1006', 1200.00, '2025-12-20T12:00', '106', '4'),
('1007', 780.50,  '2025-12-25T15:30', '107', '5'),
('1008', 410.00,  '2025-12-13T14:20', '108', '1'),
('1009', 560.00,  '2025-12-14T16:00', '109', '7'),
('1010', 220.00,  '2025-12-15T06:45', '110', '8'),
('1011', 980.00,  '2025-12-16T18:10', '111', '6'),
('1012', 95.00,   '2025-12-17T09:00', '112', '2'),
('1013', 180.00,  '2025-12-18T11:30', '113', '9'),
('1014', 650.00,  '2025-12-19T20:15', '114', '3'),
('1015', 1450.00, '2025-12-21T23:50', '115', '4');
